{
  "vanilla": {
    "init": 0.08821239694952965,
    "final": 1.031050756573677,
    "growth": 11.688275029683055,
    "final_recall": 0.9990000000000001,
    "rebuilds": 0,
    "cost": 0
  },
  "elastic_1.5": {
    "init": 0.08412081748247147,
    "final": 0.09555002674460411,
    "growth": 1.1358665976411153,
    "final_recall": 1.0,
    "rebuilds": 20,
    "cost": 3.4619723446667194
  },
  "elastic_2.0": {
    "init": 0.0846506841480732,
    "final": 0.17569685354828835,
    "growth": 2.0755514892349223,
    "final_recall": 0.9990000000000001,
    "rebuilds": 11,
    "cost": 2.0017824694514275
  },
  "elastic_2.5": {
    "init": 0.08046114817261696,
    "final": 0.09955262765288353,
    "growth": 1.2372757525073934,
    "final_recall": 1.0,
    "rebuilds": 8,
    "cost": 1.4450853299349546
  },
  "full_rebuild": {
    "init": 0.08820969611406326,
    "final": 0.08604306727647781,
    "growth": 0.9754377474015578,
    "final_recall": 0.998,
    "rebuilds": 200,
    "cost": 34.83590500429273
  }
}