{
  "5%x100r": {
    "pct": 0.05,
    "rounds": 100,
    "total_churn": 500.0,
    "vanilla": {
      "init": 0.0853436067700386,
      "final": 0.6541204079985619,
      "growth": 7.664550781889411,
      "recall": 0.998
    },
    "elastic": {
      "init": 0.08399637416005135,
      "final": 0.12372076511383057,
      "growth": 1.4729298300196407,
      "recall": 0.998,
      "rebuilds": 4,
      "cost": 0.7076958063989878
    }
  },
  "10%x50r": {
    "pct": 0.1,
    "rounds": 50,
    "total_churn": 500.0,
    "vanilla": {
      "init": 0.09233884513378143,
      "final": 0.7246611453592777,
      "growth": 7.847847179693242,
      "recall": 0.998
    },
    "elastic": {
      "init": 0.08967725560069084,
      "final": 0.10253850370645523,
      "growth": 1.143417057308624,
      "recall": 0.997,
      "rebuilds": 4,
      "cost": 0.6292637716978788
    }
  },
  "20%x25r": {
    "pct": 0.2,
    "rounds": 25,
    "total_churn": 500.0,
    "vanilla": {
      "init": 0.08652441203594208,
      "final": 0.664549209177494,
      "growth": 7.680482230858056,
      "recall": 0.998
    },
    "elastic": {
      "init": 0.0845441035926342,
      "final": 0.14602487906813622,
      "growth": 1.727203587984561,
      "recall": 0.998,
      "rebuilds": 4,
      "cost": 0.6591328475624323
    }
  },
  "30%x17r": {
    "pct": 0.3,
    "rounds": 17,
    "total_churn": 509.99999999999994,
    "vanilla": {
      "init": 0.0852845050394535,
      "final": 0.5674069002270699,
      "growth": 6.653106563315124,
      "recall": 0.9990000000000001
    },
    "elastic": {
      "init": 0.08729496970772743,
      "final": 0.1846550591289997,
      "growth": 2.1153001111890397,
      "recall": 0.9990000000000001,
      "rebuilds": 3,
      "cost": 0.4938623942434788
    }
  }
}