{
  "128d": {
    "dim": 128,
    "vanilla": {
      "init": 0.08537324145436287,
      "final": 0.6634741649031639,
      "growth": 7.771453368768137,
      "recall": 0.998
    },
    "elastic": {
      "init": 0.0877237506210804,
      "final": 0.10497212409973145,
      "growth": 1.196621477724485,
      "recall": 0.998,
      "rebuilds": 4,
      "cost": 0.6776042226701975
    }
  },
  "384d": {
    "dim": 384,
    "vanilla": {
      "init": 0.3468259423971176,
      "final": 3.7059604935348034,
      "growth": 10.685361273498561,
      "recall": 0.38900000000000007
    },
    "elastic": {
      "init": 0.34092575311660767,
      "final": 0.41062576696276665,
      "growth": 1.2044433816131201,
      "recall": 0.397,
      "rebuilds": 8,
      "cost": 3.6483046021312475
    }
  },
  "768d": {
    "dim": 768,
    "vanilla": {
      "init": 0.7106420770287514,
      "final": 6.504034381359816,
      "growth": 9.152335038411572,
      "recall": 0.336
    },
    "elastic": {
      "init": 0.7258126139640808,
      "final": 1.0548108629882336,
      "growth": 1.4532826279048856,
      "recall": 0.34299999999999997,
      "rebuilds": 6,
      "cost": 5.085741400718689
    }
  }
}