{
  "vanilla": {
    "init": 0.08734313771128654,
    "final": 0.7904503494501114,
    "growth": 9.049942218276511,
    "final_recall": 0.9990000000000001,
    "rebuilds": 0,
    "cost": 0
  },
  "tau_1.3": {
    "init": 0.08670313283801079,
    "final": 0.08002035319805145,
    "growth": 0.9229234351607005,
    "final_recall": 0.9969999999999999,
    "rebuilds": 16,
    "cost": 2.787201303988695
  },
  "tau_1.5": {
    "init": 0.08749818429350853,
    "final": 0.08014731109142303,
    "growth": 0.9159882772261041,
    "final_recall": 0.998,
    "rebuilds": 12,
    "cost": 2.1136743053793907
  },
  "tau_2.0": {
    "init": 0.08858555927872658,
    "final": 0.20120250061154366,
    "growth": 2.2712787755674477,
    "final_recall": 0.9990000000000001,
    "rebuilds": 6,
    "cost": 0.9691755250096321
  },
  "tau_2.5": {
    "init": 0.0866025872528553,
    "final": 0.11803366243839264,
    "growth": 1.3629345979441398,
    "final_recall": 0.998,
    "rebuilds": 5,
    "cost": 0.8474750388413668
  },
  "tau_3.0": {
    "init": 0.08379299193620682,
    "final": 0.2565884403884411,
    "growth": 3.062170647681213,
    "final_recall": 0.9990000000000001,
    "rebuilds": 3,
    "cost": 0.508892560377717
  }
}