{
  "10K": {
    "size": 10000,
    "vanilla": {
      "init": 0.08642619475722313,
      "final": 0.6566395424306393,
      "growth": 7.597691235570222
    },
    "elastic": {
      "init": 0.08886560797691345,
      "final": 0.11906486004590988,
      "growth": 1.3398305908945332,
      "rebuilds": 4,
      "cost": 0.6717994529753923,
      "avg_rb": 0.16794986324384809
    }
  },
  "30K": {
    "size": 30000,
    "vanilla": {
      "init": 0.12172844260931015,
      "final": 0.7248818874359131,
      "growth": 5.9549097310185415
    },
    "elastic": {
      "init": 0.12966489419341087,
      "final": 0.1296769268810749,
      "growth": 1.0000927983456038,
      "rebuilds": 4,
      "cost": 2.2027781195938587,
      "avg_rb": 0.5506945298984647
    }
  },
  "50K": {
    "size": 50000,
    "vanilla": {
      "init": 0.15206122770905495,
      "final": 0.9309872426092625,
      "growth": 6.122449862042144
    },
    "elastic": {
      "init": 0.1457536406815052,
      "final": 0.14855686575174332,
      "growth": 1.0192326247024155,
      "rebuilds": 4,
      "cost": 3.9776713605970144,
      "avg_rb": 0.9944178401492536
    }
  },
  "100K": {
    "size": 100000,
    "vanilla": {
      "init": 0.1745782420039177,
      "final": 0.7425480894744396,
      "growth": 4.25338278671506
    },
    "elastic": {
      "init": 0.1665124110877514,
      "final": 0.3759954497218132,
      "growth": 2.2580626108624724,
      "rebuilds": 2,
      "cost": 4.703656900674105,
      "avg_rb": 2.3518284503370523
    }
  }
}